price,crime_rate,resid_area,air_qual,room_num,age,dist1,dist2,dist3,dist4,teachers,poor_prop,airport,n_hos_beds,n_hot_rooms,waterbody,rainfall,bus_ter,parks
32.9,8.69922,33.26,0.7995,6.3683,67.0,7.93,3.0,1.83,6.2,24.8,21.79,YES,8.3794,17.2312,Lake and River,3,YES,0.040948
41.8,4.22871,32.24,0.8314,5.0012,54.7,4.13,6.68,2.77,5.02,23.9,24.8,NO,9.7125,11.2406,None,4,YES,0.079544
47.4,3.79594,43.86,0.8543,7.724,21.2,6.79,7.31,8.44,9.32,22.4,18.99,NO,7.8797,18.5013,None,2,YES,0.067538
35.6,5.10493,42.82,0.5577,8.9491,61.3,7.99,1.52,5.26,3.36,22.0,27.62,YES,8.6278,13.7504,Lake,3,YES,0.055427
47.3,8.68148,34.85,0.4688,7.8824,62.1,9.55,3.83,9.64,4.66,22.4,6.24,NO,6.473,11.9397,Lake,6,YES,0.045713
43.5,7.59812,49.9,0.5588,4.7312,83.9,9.93,1.61,2.87,4.28,20.3,7.55,YES,5.5132,13.2486,Lake and River,6,YES,0.042552
10.0,3.90194,43.12,0.8309,8.1066,67.1,8.07,8.37,5.48,3.35,23.1,13.32,YES,7.2096,13.2992,River,4,YES,0.063673
29.5,2.12019,32.0,0.6478,7.9539,21.6,5.16,9.42,4.1,1.13,22.1,21.57,YES,7.0217,16.7609,None,5,YES,0.088403
20.1,8.83346,49.62,0.5079,7.2278,53.0,4.88,3.92,7.29,9.76,24.6,20.31,NO,9.8687,18.6445,Lake,4,YES,0.073801
31.2,2.26195,55.89,0.5742,8.2538,61.6,1.69,4.41,3.89,4.61,21.0,27.33,NO,7.0344,11.2656,None,5,YES,0.085843
18.5,1.7315,32.9,0.4734,6.705,45.2,8.32,5.14,4.66,4.57,21.4,12.31,YES,9.7204,16.3327,Lake and River,4,YES,0.071064
42.0,4.65479,47.2,0.7169,4.3415,97.6,5.92,4.41,8.1,3.07,21.8,12.69,YES,6.1186,18.3109,Lake,3,YES,0.082832
23.9,8.78739,43.02,0.8849,6.8288,70.3,1.67,5.99,6.59,2.05,20.5,27.18,YES,9.7982,16.2722,Lake,4,YES,0.055878
26.1,2.20153,47.23,0.7436,8.3424,75.4,7.94,6.29,7.79,5.45,21.4,10.49,YES,9.4834,16.7077,None,4,YES,0.035409
18.4,7.14194,45.56,0.6641,4.4614,41.4,3.33,8.37,5.0,7.44,24.9,5.5,YES,8.5917,14.3518,None,6,YES,0.071765
33.4,3.51522,36.55,0.4429,6.3585,31.9,2.95,6.05,8.77,4.27,24.5,18.78,YES,8.2316,19.9808,River,6,YES,0.059123
48.3,6.16198,47.77,0.5896,8.9006,90.7,3.31,4.48,5.19,2.75,18.9,4.04,NO,6.0836,13.8741,River,5,YES,0.036515
21.5,4.00876,54.16,0.6392,6.8998,78.0,7.77,4.3,3.17,2.27,23.5,14.51,NO,6.2177,16.1297,Lake and River,4,YES,0.063353
17.4,8.27913,46.03,0.4509,7.1671,33.1,6.53,3.14,9.56,1.4,22.8,20.97,YES,9.4462,13.3875,None,5,YES,0.074607
33.1,4.79317,58.76,0.4588,7.1904,59.8,9.49,6.74,3.51,6.11,24.1,9.38,YES,6.0882,17.2164,Lake and River,5,YES,0.053026
35.5,8.21142,53.44,0.5619,4.4833,85.2,8.64,8.12,4.27,7.61,22.2,10.99,NO,6.2722,17.1704,Lake,5,YES,0.033198
49.1,3.72971,34.53,0.4722,5.9952,86.4,8.83,2.22,1.51,3.18,18.9,7.72,NO,7.8793,13.0712,Lake and River,5,YES,0.073273
10.9,5.88193,55.96,0.5839,5.6304,46.4,8.95,1.34,9.19,8.0,21.8,13.2,YES,5.4865,15.5881,Lake and River,3,YES,0.063307
38.5,7.87695,59.72,0.8111,8.3388,93.9,7.38,5.83,8.93,1.34,24.3,13.53,YES,5.0253,10.1911,River,4,YES,0.063012
42.0,4.61039,41.82,0.4004,5.4747,92.0,7.85,9.2,7.01,4.42,20.4,11.21,YES,8.4551,16.9235,None,2,YES,0.077413
23.6,1.84578,54.55,0.6069,6.6921,45.4,4.48,6.94,7.33,7.82,18.2,22.54,NO,7.1337,13.6595,River,5,YES,0.07168
15.2,5.42375,38.38,0.7224,7.0023,61.1,7.52,8.56,2.82,3.84,23.0,9.24,YES,8.6178,17.1494,River,2,YES,0.057829
40.5,8.9077,37.88,0.7787,4.1545,99.9,1.04,8.73,6.87,5.92,24.3,17.66,YES,5.6021,11.6829,River,2,YES,0.085711
16.4,4.2232,40.15,0.4373,8.5217,84.9,4.53,3.72,9.5,5.94,22.9,21.15,NO,7.8582,19.3507,None,4,YES,0.034374
14.9,3.71628,42.72,0.6865,8.1497,74.5,6.12,7.38,1.55,6.61,23.2,7.52,YES,6.2852,18.5951,River,6,YES,0.030617
12.4,1.01697,59.98,0.5383,4.095,64.8,8.09,7.55,2.7,8.77,18.8,10.0,YES,5.3503,12.853,River,5,YES,0.030463
19.9,6.6396,46.07,0.7656,6.3949,38.0,9.18,3.75,5.09,5.19,20.2,18.82,NO,5.5121,15.5747,Lake and River,5,YES,0.066891
22.6,8.75029,34.52,0.6299,7.6948,71.8,9.94,1.83,3.4,5.21,23.6,2.46,YES,9.279,11.4962,River,6,YES,0.048809
12.3,1.97077,30.1,0.7454,4.9846,93.2,7.11,5.74,2.49,1.21,19.2,9.69,YES,9.8366,15.6472,River,6,YES,0.034048
32.1,9.93951,45.21,0.6,5.0434,41.7,7.01,1.43,7.1,5.45,19.4,17.78,NO,7.8633,16.1747,None,5,YES,0.089959
22.2,3.98595,31.54,0.46,4.4562,22.4,5.43,9.23,4.56,6.9,20.4,11.6,YES,7.1392,17.0502,Lake and River,5,YES,0.07862
10.4,8.0345,32.81,0.8955,8.2106,27.9,5.74,8.13,8.54,3.4,18.8,14.29,YES,8.0704,13.0434,River,2,YES,0.044941
37.7,6.38491,36.49,0.8121,6.6851,76.5,6.67,2.46,8.76,7.16,20.8,2.2,NO,6.2098,14.7599,Lake and River,4,YES,0.069971
23.6,2.02759,46.71,0.8652,8.2864,96.2,6.15,2.98,1.66,7.78,19.9,15.63,NO,6.9073,10.1343,None,6,YES,0.049751
42.4,9.33387,35.65,0.5333,8.2072,79.2,3.52,2.03,4.51,8.83,23.8,20.59,NO,5.8127,14.7465,Lake,6,YES,0.034403
28.0,8.29813,49.65,0.6993,6.9525,80.1,6.18,2.38,4.16,3.73,19.7,15.74,YES,6.5717,16.9135,River,5,YES,0.066494
15.5,3.85335,33.49,0.8973,6.4027,46.7,2.25,9.85,2.97,1.1,18.4,21.72,YES,5.3834,13.7521,Lake,5,YES,0.085681
33.7,3.25985,42.83,0.8901,4.5086,78.1,6.29,1.67,8.94,5.9,21.6,7.92,YES,7.9173,12.2343,None,3,YES,0.030238
21.8,5.19702,31.93,0.5538,7.6162,80.5,6.58,9.27,2.95,2.57,22.8,3.68,NO,5.4589,10.1387,Lake and River,2,YES,0.046623
24.4,7.73721,52.56,0.755,4.6054,27.5,7.26,5.57,1.88,6.78,22.2,17.27,NO,9.0312,11.454,Lake and River,2,YES,0.088565
12.4,2.5655,42.71,0.8326,5.3019,26.4,2.77,7.77,7.94,9.06,19.0,22.07,YES,7.7874,15.7752,Lake,4,YES,0.049281
43.8,5.47272,40.97,0.7465,7.9794,38.1,8.3,3.65,4.49,7.5,18.9,15.92,NO,5.8562,10.5867,None,3,YES,0.034258
13.9,8.4811,34.89,0.4753,7.4124,37.4,6.39,9.45,2.84,6.56,21.3,9.28,NO,6.5981,18.7782,River,6,YES,0.059476
14.9,1.1979,32.61,0.583,4.7868,39.1,4.9,5.69,6.28,1.04,18.8,7.92,NO,9.7707,14.6054,Lake,4,YES,0.060595
35.2,8.53651,34.18,0.6747,8.0466,80.2,3.38,7.49,9.59,6.34,18.3,27.52,YES,7.5463,18.9239,Lake,4,YES,0.058554
10.8,5.14839,56.17,0.8873,7.9737,88.2,9.88,8.69,9.69,1.83,20.1,17.03,YES,9.0482,10.201,Lake and River,4,YES,0.084236
43.3,8.34935,50.22,0.7701,6.7443,84.2,2.81,2.06,6.55,8.74,20.6,19.87,YES,8.7743,13.4897,None,5,YES,0.037299
13.5,2.56798,36.25,0.8508,5.567,90.0,2.42,3.01,2.66,5.42,21.9,17.97,YES,6.0428,18.0482,None,5,YES,0.050218
24.1,7.69609,49.09,0.8289,5.1112,66.2,4.82,8.63,5.77,1.03,19.7,16.26,NO,7.0156,16.2805,Lake and River,6,YES,0.076951
38.5,5.82191,56.64,0.5059,8.2414,66.1,6.4,4.61,7.44,6.99,18.1,26.15,YES,5.3239,14.5193,Lake,3,YES,0.045102
23.4,0.72118,39.8,0.5691,5.7344,94.1,2.86,4.69,9.52,7.96,18.8,15.15,YES,9.5063,11.6606,Lake,2,YES,0.054104
22.2,3.12364,36.87,0.8808,5.2251,77.7,1.26,8.77,6.2,3.66,19.9,23.66,YES,8.3598,18.8495,Lake and River,3,YES,0.062906
27.5,2.37486,34.26,0.8744,8.5862,92.3,9.34,7.52,5.08,1.37,24.2,27.89,YES,7.4647,15.9762,None,3,YES,0.048004
37.7,6.68231,35.93,0.5919,8.6813,95.5,3.46,5.29,1.3,6.1,20.6,7.77,NO,8.6951,18.2208,None,6,YES,0.082678
46.6,0.88443,32.74,0.6942,5.7609,81.1,1.5,3.82,3.6,7.5,18.9,9.7,NO,9.356,10.9816,None,3,YES,0.052759
25.9,7.77597,48.2,0.8884,7.7683,69.6,3.35,1.73,8.51,5.04,20.2,9.08,NO,9.4284,12.7375,None,4,YES,0.071082
20.9,3.04132,30.22,0.4799,4.2676,68.7,2.19,9.02,9.08,7.8,20.3,9.72,YES,9.4756,15.9868,Lake and River,5,YES,0.048954
17.9,9.07171,31.83,0.4746,8.7344,56.9,8.18,8.4,9.42,2.58,21.1,23.32,NO,9.6854,16.0373,Lake and River,6,YES,0.03372
47.2,3.0105,37.29,0.824,5.6064,22.7,8.6,2.18,6.85,1.22,23.1,9.13,YES,5.1997,19.2569,Lake,5,YES,0.084659
30.7,1.57227,43.74,0.8615,7.801,78.3,2.24,4.46,7.65,8.45,21.8,17.94,YES,8.9705,10.7853,Lake,5,YES,0.054838
36.4,8.84613,53.3,0.4179,5.6763,71.2,8.44,3.42,5.37,8.85,22.2,28.45,NO,9.8434,10.1336,River,2,YES,0.067468
10.9,4.95369,46.97,0.8002,5.0104,39.0,3.98,6.14,4.33,7.92,18.1,4.75,YES,6.3652,14.8101,None,6,YES,0.089308
30.7,2.0656,32.64,0.7232,5.364,91.7,7.11,8.94,8.89,7.28,19.6,21.64,YES,9.8207,12.3643,Lake,6,YES,0.042437
43.8,9.93708,31.49,0.5103,5.8518,26.0,9.0,2.54,1.44,8.59,18.3,10.21,YES,5.7492,13.7179,River,4,YES,0.041441
21.4,1.04424,50.2,0.5736,6.6003,60.8,7.86,2.55,5.08,5.37,23.3,29.18,YES,5.8532,15.4944,River,5,YES,0.080398
40.5,1.48493,52.76,0.8189,4.744,95.7,4.22,5.33,6.22,9.48,22.4,20.82,YES,8.3621,16.538,Lake,4,YES,0.068759
20.7,2.34875,56.52,0.5868,5.0591,96.8,9.58,9.7,8.15,5.19,24.4,26.32,NO,5.1198,12.5208,Lake,4,YES,0.084781
30.5,2.47566,54.7,0.5715,8.6121,52.3,7.31,2.29,5.5,8.58,23.2,22.27,YES,7.7854,14.8612,Lake and River,2,YES,0.043318
15.2,6.68273,47.24,0.7862,7.0674,92.4,4.6,2.06,7.49,4.8,19.7,28.16,YES,7.2661,16.953,Lake,2,YES,0.042238
45.8,6.35068,38.17,0.5189,4.0274,69.5,5.9,4.84,5.73,8.02,24.5,25.16,NO,7.9903,13.0476,Lake,6,YES,0.083954
36.0,2.71368,37.57,0.8107,8.8111,82.9,8.59,5.95,9.03,2.4,20.4,11.65,NO,6.0076,11.6386,River,5,YES,0.0395
26.5,5.7984,41.95,0.8291,8.7777,93.3,3.53,1.14,7.23,9.34,21.8,21.52,YES,5.8352,10.5214,Lake and River,2,YES,0.084031
37.9,2.64676,49.93,0.4636,7.1404,84.1,6.31,7.78,6.51,2.54,20.3,18.13,YES,5.2221,13.8755,River,6,YES,0.077477
34.2,5.09795,50.51,0.6186,6.8709,98.5,4.64,9.01,9.04,9.17,20.4,11.01,YES,6.1722,16.708,Lake,4,YES,0.064175
49.1,0.94824,55.1,0.7973,4.0117,53.0,8.82,1.27,7.52,3.87,18.5,29.77,NO,9.4723,12.7435,None,4,YES,0.050973
11.6,0.09165,32.12,0.4246,4.7106,35.7,1.29,7.32,2.64,9.29,24.9,20.79,YES,6.2971,13.4445,None,2,YES,0.087182
10.4,6.53756,46.7,0.5942,5.4794,91.5,4.16,4.93,2.95,7.8,20.0,6.58,NO,8.6515,15.5001,River,6,YES,0.056524
21.3,8.06079,50.79,0.8423,5.8316,47.4,4.39,3.34,6.36,7.19,24.9,11.65,NO,7.2338,16.1153,River,6,YES,0.066333
19.1,0.26525,40.5,0.7877,5.3197,34.6,5.4,1.76,4.75,5.67,24.1,26.22,YES,6.5786,18.623,Lake,2,YES,0.030149
46.2,3.41724,54.97,0.7527,6.1903,94.9,5.55,4.04,7.63,8.07,21.1,18.46,NO,9.5122,12.4723,River,3,YES,0.063225
41.6,8.24401,51.14,0.4729,5.3743,52.3,6.68,5.4,4.44,5.67,21.2,9.46,YES,7.675,15.7408,River,6,YES,0.074425
16.8,0.08953,57.44,0.8287,5.5231,83.1,6.56,5.82,2.35,3.53,19.5,27.88,YES,7.0463,10.5161,River,5,YES,0.077102
29.2,6.16672,40.72,0.7955,8.3221,34.2,3.64,8.87,4.32,3.73,22.4,14.29,YES,8.8357,19.3216,Lake and River,3,YES,0.048113
35.7,1.77363,37.05,0.6787,6.396,59.1,7.85,1.82,7.01,8.71,24.9,12.12,NO,6.9181,13.2061,Lake and River,4,YES,0.03208
42.1,9.87991,47.01,0.8848,4.4461,96.6,5.33,7.11,9.71,2.53,24.4,10.9,NO,5.1555,15.1643,Lake,4,YES,0.068284
44.1,4.51938,34.24,0.4165,8.3873,59.7,9.2,5.54,5.15,1.0,20.0,25.1,NO,7.7598,10.6716,River,5,YES,0.039327
23.8,8.20784,35.82,0.5178,4.1503,41.2,5.64,4.85,3.71,9.87,22.3,12.35,NO,8.7875,16.9624,River,2,YES,0.052258
39.4,4.78849,52.81,0.8986,8.8914,35.1,3.47,6.35,1.93,9.4,22.0,29.29,NO,9.2864,12.0643,River,5,YES,0.075113
22.9,8.72488,59.88,0.4514,6.1693,74.3,3.16,6.45,4.3,3.97,24.7,27.63,NO,6.9023,15.5419,River,4,YES,0.078375
48.5,2.77128,46.18,0.5138,5.2794,64.8,9.56,2.98,7.32,1.34,21.6,18.03,NO,5.0319,14.8198,None,5,YES,0.044801
48.2,9.56126,44.32,0.4129,8.4413,69.5,1.19,9.23,6.73,9.13,20.2,14.6,YES,9.6436,14.6066,None,3,YES,0.035332
21.2,0.22186,43.15,0.4747,4.5551,87.0,7.02,1.7,6.45,7.76,21.5,10.41,YES,5.379,14.1106,None,2,YES,0.048478
42.0,6.89976,31.53,0.7885,6.8056,76.2,6.84,8.45,8.68,9.35,23.4,2.39,YES,6.2988,19.0969,Lake,3,YES,0.031975
18.6,1.23146,41.4,0.8502,5.8142,51.1,9.3,3.49,8.87,9.36,22.5,26.61,YES,8.004,14.5237,River,4,YES,0.084871
35.8,7.42425,46.89,0.7885,7.7362,93.4,9.4,3.13,8.84,3.07,23.2,24.37,YES,5.6367,18.1783,Lake and River,4,YES,0.065841
47.4,2.85945,51.55,0.5496,4.0419,62.4,6.32,8.16,7.25,6.7,22.0,9.94,YES,5.1863,16.3781,None,6,YES,0.084494
19.5,5.04149,55.92,0.4485,7.1552,85.5,1.39,4.23,6.42,10.0,19.4,28.1,NO,8.0919,19.9434,Lake,2,YES,0.031506
40.7,9.45114,40.54,0.4297,4.1861,85.4,5.14,7.84,7.64,2.04,24.6,28.25,YES,9.2699,18.3628,Lake and River,3,YES,0.048585
21.4,7.72504,37.98,0.7578,5.4318,96.3,2.93,1.23,6.69,9.24,24.4,12.18,YES,5.2962,12.0722,None,3,YES,0.051937
48.1,1.60085,46.83,0.4198,8.9274,63.0,5.41,8.98,7.42,6.55,20.2,23.06,YES,6.3306,16.3089,None,4,YES,0.051261
17.6,2.88371,36.88,0.416,7.0896,47.0,3.85,6.68,4.99,1.22,21.7,4.65,YES,9.9787,19.5125,River,3,YES,0.063817
14.4,2.02069,32.35,0.7699,5.6029,80.8,4.41,1.04,3.08,9.02,20.2,18.16,NO,9.6625,12.3275,River,6,YES,0.089993
43.1,7.47864,56.39,0.5031,7.4594,53.5,9.38,7.06,1.55,4.86,23.3,14.72,NO,7.0893,18.8632,River,6,YES,0.045609
35.2,5.67363,34.02,0.6592,7.9995,37.8,6.3,9.62,7.78,9.71,21.9,29.27,YES,7.0268,11.0481,Lake,2,YES,0.033612
40.2,5.41668,57.83,0.8658,5.1704,64.7,6.3,4.52,2.07,5.74,19.1,17.09,NO,8.7194,13.6535,River,3,YES,0.061831
44.2,1.09851,38.7,0.6652,6.4594,68.2,6.1,6.93,1.59,7.02,18.5,21.46,YES,5.1249,13.3652,None,2,YES,0.052903
10.9,4.10472,59.36,0.6119,7.3883,81.6,5.22,2.19,5.94,6.56,20.5,12.94,YES,6.1574,14.2965,Lake,2,YES,0.040994
10.5,0.59977,42.89,0.6071,6.5936,78.1,2.22,6.29,8.35,9.34,21.4,4.74,YES,9.2735,19.1188,River,6,YES,0.083148
44.3,7.71404,41.04,0.8424,8.7783,99.7,4.81,6.19,5.78,8.28,21.9,19.63,YES,7.0889,16.8055,Lake and River,3,YES,0.039592
32.1,8.64187,41.36,0.8911,5.5294,57.5,9.87,4.52,9.51,2.84,22.7,20.26,YES,5.2803,10.0231,None,5,YES,0.070247
41.6,4.78722,50.28,0.56,8.582,37.0,9.38,6.01,9.24,5.61,21.9,25.75,NO,8.4768,17.321,Lake,2,YES,0.088637
28.9,2.24798,56.36,0.5624,6.9891,25.7,9.36,8.43,5.77,8.17,20.6,11.02,NO,6.3867,19.4252,Lake and River,4,YES,0.080338
24.8,7.65197,53.21,0.5228,8.5451,56.3,2.08,3.64,1.4,7.93,22.8,10.4,YES,8.3735,10.5687,None,4,YES,0.031057
24.4,6.38034,38.31,0.6308,6.1363,21.2,1.62,2.17,9.33,2.84,22.5,18.43,NO,9.9308,10.5055,None,4,YES,0.04764
34.6,6.00306,42.32,0.5597,8.5254,45.4,4.45,2.17,4.35,2.56,18.7,29.82,NO,7.1649,16.7862,Lake and River,3,YES,0.053147
29.5,2.78744,31.41,0.5517,6.9104,70.5,3.72,2.43,8.55,6.56,24.9,7.93,NO,8.9969,10.0153,River,5,YES,0.082133
45.7,5.4015,48.05,0.693,5.5722,47.9,8.91,3.27,2.49,1.63,24.9,12.03,YES,7.9937,19.4197,None,6,YES,0.068585
25.1,7.7517,52.13,0.445,7.7896,31.8,9.99,1.7,1.09,7.45,21.3,18.67,YES,7.4487,16.2521,Lake,5,YES,0.041503
44.0,2.75522,54.86,0.5916,6.9156,38.3,2.35,8.81,7.49,3.43,18.0,22.35,YES,5.5266,18.2119,River,2,YES,0.066961
28.5,4.07235,42.69,0.4959,4.0879,28.4,3.74,7.94,2.42,9.15,19.0,15.28,NO,5.2847,11.5121,Lake and River,2,YES,0.033819
18.0,8.36609,58.61,0.8053,4.0889,84.3,1.65,5.46,5.01,3.31,21.5,26.0,YES,8.5177,13.2093,None,6,YES,0.032921
26.1,2.17014,34.71,0.4972,8.4768,61.2,9.53,7.29,8.38,1.06,21.2,18.53,YES,5.9518,12.8295,Lake,6,YES,0.046724
34.6,4.55212,34.05,0.5288,6.436,42.4,3.24,5.2,3.26,5.1,22.6,8.29,YES,8.7421,17.9943,River,3,YES,0.042978
27.7,9.13328,41.7,0.5052,4.9614,81.9,3.51,6.36,3.68,7.02,22.3,6.12,NO,5.5922,11.5291,Lake,6,YES,0.037291
22.7,5.52151,55.98,0.4011,8.5462,79.0,9.43,5.28,9.14,1.15,21.2,10.31,YES,6.7035,11.4933,River,6,YES,0.072666
35.1,1.88488,54.97,0.5767,4.8798,43.2,1.91,3.55,8.15,7.03,18.9,2.38,YES,9.1685,15.6142,None,2,YES,0.05369
30.5,1.509,40.25,0.8558,7.0529,58.6,4.62,9.03,8.73,3.6,19.2,13.76,NO,6.2172,14.9274,None,2,YES,0.047467
33.8,1.55955,56.53,0.8589,5.5802,70.4,7.5,6.77,1.38,5.09,19.6,15.15,NO,9.3008,18.3585,Lake and River,5,YES,0.08737
12.3,5.58762,50.53,0.8681,8.3709,37.7,6.04,3.88,3.56,5.01,22.1,28.4,YES,7.4293,17.7146,Lake and River,4,YES,0.05272
49.0,0.87912,59.29,0.5342,7.2161,71.9,5.01,8.42,9.76,2.73,21.7,3.51,YES,7.5464,12.7081,Lake,5,YES,0.081592
30.5,9.95648,36.26,0.4956,8.7604,37.0,2.41,9.0,4.5,6.1,22.4,29.63,YES,8.8901,11.0945,Lake,6,YES,0.087839
17.3,7.91338,57.06,0.8238,8.7478,25.5,7.76,4.86,6.07,1.66,21.4,15.39,YES,8.6277,15.4001,None,5,YES,0.054086
30.5,5.44497,54.16,0.7911,8.2481,45.9,9.06,9.53,3.12,7.51,24.1,21.5,NO,9.8157,13.2367,River,5,YES,0.050249
31.3,7.20609,59.57,0.8041,6.3481,87.7,8.28,7.87,3.54,9.52,20.0,19.98,YES,5.9774,13.9781,None,6,YES,0.086269
27.0,1.79365,40.81,0.6066,8.4936,52.9,3.02,4.82,3.4,6.02,18.9,4.94,YES,6.5156,10.9642,Lake,6,YES,0.051347
20.2,6.3686,33.0,0.6806,5.5002,45.2,5.26,3.64,5.82,2.71,21.3,10.56,NO,7.6977,17.4203,River,2,YES,0.035957
19.9,6.43412,41.45,0.4901,4.4646,39.2,1.45,2.15,4.66,5.28,24.9,7.21,NO,7.2302,19.3968,None,2,YES,0.061979
44.0,8.24461,42.79,0.5157,7.8391,40.9,4.0,6.88,4.41,7.52,23.6,12.74,NO,6.5974,19.9723,Lake,2,YES,0.06067
47.0,5.30809,33.98,0.6371,7.1392,88.1,7.08,7.55,8.73,4.13,20.5,4.81,NO,9.6415,14.5889,None,6,YES,0.070077
13.3,3.10842,34.27,0.7539,5.7669,60.1,5.48,5.01,2.65,6.32,22.7,2.45,YES,7.7223,18.6689,River,5,YES,0.04658
14.0,8.67941,48.9,0.7415,6.6013,95.8,9.08,8.2,4.75,7.75,19.9,11.92,NO,5.9016,13.0336,None,3,YES,0.057122
18.7,1.67388,47.83,0.7877,7.6564,36.9,8.71,1.25,8.24,7.18,23.8,7.1,NO,8.7223,17.7243,Lake and River,5,YES,0.038383
48.7,2.67404,43.57,0.8045,5.571,24.4,1.94,1.07,1.01,6.66,22.2,29.92,YES,9.8259,13.6811,River,2,YES,0.08943
44.6,8.58886,48.82,0.445,5.4541,24.1,4.6,5.92,8.58,6.34,21.0,23.01,NO,9.221,11.0222,None,2,YES,0.070452
46.9,0.43146,59.32,0.5297,5.4728,76.7,3.82,6.83,9.31,5.14,18.4,7.29,NO,8.0285,11.1714,River,5,YES,0.075451
30.8,3.85725,56.46,0.8196,6.5309,38.4,1.67,7.83,9.65,2.54,20.7,19.08,NO,5.4027,15.9253,Lake and River,4,YES,0.074397
20.0,8.82401,48.84,0.4867,6.2021,41.7,6.4,7.69,8.52,8.01,23.7,23.92,YES,5.7575,15.1203,None,2,YES,0.042083
35.8,3.30663,37.34,0.6646,8.8121,32.0,7.97,2.08,9.99,1.13,22.7,2.57,YES,9.4443,17.4748,None,3,YES,0.083716
23.4,6.55239,38.83,0.6131,4.0851,99.9,2.86,7.5,3.32,6.86,22.2,2.02,YES,8.3919,18.9293,River,5,YES,0.067176
12.7,3.94031,38.32,0.7353,6.8806,42.9,2.48,7.32,9.81,7.24,24.9,17.88,YES,6.928,12.6333,River,2,YES,0.035803
49.2,0.53488,48.84,0.4299,8.102,67.7,8.37,3.49,8.47,7.53,19.2,29.07,YES,9.6185,19.5548,None,5,YES,0.030448
24.8,1.44735,40.45,0.4477,8.7196,39.9,8.04,9.78,6.41,6.46,18.5,3.07,NO,6.9915,17.8463,None,6,YES,0.036665
28.3,1.48482,30.57,0.7416,5.0373,58.0,8.77,5.06,8.71,2.46,23.1,12.19,YES,7.4089,14.2101,Lake,5,YES,0.086468
24.7,1.20733,46.91,0.6148,6.5025,82.6,3.21,7.13,6.5,3.9,19.7,7.88,NO,8.1048,13.15,Lake and River,4,YES,0.044694
46.5,3.257,58.72,0.73,4.3764,75.4,8.97,8.89,3.95,4.57,23.9,9.03,NO,5.2753,19.5687,Lake and River,3,YES,0.031967
17.3,1.5699,33.1,0.7093,7.8951,39.8,9.33,2.74,3.34,6.75,21.2,25.47,YES,7.9014,13.7151,Lake,3,YES,0.063525
25.3,0.85173,44.49,0.5056,6.5517,21.4,8.82,2.22,5.75,1.51,20.6,4.85,NO,8.9442,18.1754,Lake and River,3,YES,0.044959
49.1,6.32105,44.45,0.8124,7.2115,50.2,3.34,7.76,9.84,1.45,21.2,27.69,NO,9.3583,19.8175,Lake and River,5,YES,0.047874
22.1,0.8342,42.36,0.7009,4.254,96.7,2.49,2.39,6.41,9.12,22.6,21.53,YES,5.3404,11.3463,River,3,YES,0.089726
31.1,2.63912,42.24,0.6692,5.817,44.7,6.8,2.05,6.21,8.78,23.6,12.06,YES,7.0327,12.2345,None,3,YES,0.077275
16.0,6.92022,36.4,0.5702,8.9536,28.6,2.55,6.9,7.66,3.69,22.1,13.79,YES,8.3639,19.6842,None,2,YES,0.056444
29.4,5.86036,31.54,0.5053,5.8375,26.2,5.5,1.17,4.04,8.8,18.7,13.3,NO,5.1228,14.7508,None,3,YES,0.070789
29.6,4.04504,31.72,0.4242,8.9484,74.2,3.47,6.2,8.94,9.57,20.7,11.95,YES,9.9967,10.1482,Lake and River,3,YES,0.072702
38.4,1.27148,41.51,0.8231,5.662,96.9,6.8,8.15,4.02,6.74,18.6,28.18,NO,6.8403,11.8723,None,2,YES,0.063514
23.9,4.95329,45.57,0.8008,5.4427,86.7,8.15,9.91,7.64,7.44,21.1,6.16,YES,6.2193,17.8474,River,5,YES,0.03806
43.1,2.91823,53.4,0.5554,5.5624,34.9,3.09,8.51,2.79,5.45,22.9,16.54,YES,7.7842,12.5162,Lake and River,4,YES,0.056203
16.3,9.30818,39.25,0.8732,4.3033,63.9,2.21,1.96,4.21,4.36,18.0,13.02,YES,9.4437,19.5073,River,6,YES,0.084898
36.6,3.00312,37.68,0.8554,8.8249,60.3,8.68,2.12,5.92,5.38,18.4,17.43,YES,8.5614,15.5664,None,4,YES,0.050759
18.7,1.56144,30.0,0.4222,7.5469,99.9,3.97,6.72,1.69,5.7,18.4,7.86,NO,8.428,14.2032,Lake,6,YES,0.037143
49.3,1.62688,34.06,0.7894,7.4684,29.9,2.9,4.58,9.94,1.32,24.7,12.43,YES,8.6713,11.569,Lake,3,YES,0.057811
20.8,6.05356,39.77,0.411,5.5844,60.8,5.28,7.96,8.72,8.2,21.3,21.64,YES,8.0555,18.2498,Lake and River,4,YES,0.072934
36.6,1.74372,47.14,0.4992,8.4024,91.5,3.34,8.26,2.57,6.23,20.7,29.92,NO,9.405,17.2922,Lake,3,YES,0.038194
29.0,3.6557,31.62,0.6179,8.0359,72.2,1.3,2.77,1.16,2.6,22.2,9.31,YES,8.441,16.6119,River,3,YES,0.03893
25.7,0.23997,37.08,0.7282,4.6915,52.0,8.68,6.41,1.66,9.28,20.3,23.85,YES,5.1273,12.4859,River,5,YES,0.084655
48.3,0.28071,58.14,0.4008,8.6437,61.0,3.48,9.22,9.86,8.95,21.1,22.44,NO,9.3247,16.6277,None,2,YES,0.059449
30.9,0.98109,44.51,0.7655,7.0318,68.8,2.28,9.65,6.57,5.57,22.2,6.88,YES,8.4771,11.0478,None,4,YES,0.053914
15.4,5.55161,44.45,0.5019,7.7696,87.2,7.48,6.9,9.14,1.82,19.5,9.24,YES,9.2625,15.867,Lake and River,5,YES,0.03021
41.5,8.87418,58.72,0.6213,8.7565,79.0,4.27,9.66,3.91,6.4,20.0,3.24,NO,8.2886,15.9563,Lake,2,YES,0.036518
27.1,0.69502,43.81,0.7869,7.8507,45.8,6.61,6.68,3.11,7.13,20.9,3.53,NO,7.7616,18.5466,River,6,YES,0.072319
26.9,6.41564,31.79,0.4259,7.4438,65.7,9.59,9.54,1.04,7.98,19.4,14.45,NO,7.7245,16.0132,River,5,YES,0.062236
49.9,0.76443,41.89,0.7432,8.1034,33.5,1.68,8.99,2.93,1.6,21.6,25.59,NO,5.7976,14.1679,Lake,6,YES,0.036379
10.1,3.46504,34.19,0.485,8.3925,77.1,1.95,6.91,1.89,8.37,22.0,5.32,NO,6.5481,19.9086,River,2,YES,0.041339
25.5,7.65109,48.59,0.8938,7.4638,37.4,8.99,8.54,2.83,7.73,23.1,23.63,NO,5.1206,12.8377,Lake and River,5,YES,0.044119
27.8,2.60065,55.11,0.8911,6.1986,74.6,2.14,6.13,3.94,9.5,24.6,23.58,YES,8.4271,14.4635,Lake and River,2,YES,0.070445
23.4,1.26412,57.42,0.431,6.5632,89.7,3.02,4.88,6.52,1.75,23.0,3.59,YES,6.184,11.3609,River,5,YES,0.054664
11.8,7.60805,46.76,0.7138,8.8662,20.2,6.31,9.84,1.94,8.82,23.7,22.9,NO,9.3653,10.8268,Lake and River,5,YES,0.043365
19.7,8.55816,44.66,0.5594,7.8154,52.8,6.65,9.84,6.77,7.43,19.0,15.66,NO,5.5815,18.3591,Lake,4,YES,0.064244
11.2,4.70241,39.25,0.5075,8.2401,31.9,1.37,3.99,8.33,2.7,23.9,6.37,NO,7.2818,19.9348,Lake and River,3,YES,0.070114
15.8,7.73334,53.61,0.7036,5.9423,87.4,8.01,1.7,3.49,7.66,23.3,14.14,YES,5.8412,13.2944,None,2,YES,0.083781
36.8,4.23266,57.92,0.4684,6.5815,44.3,7.1,4.08,4.69,4.11,21.9,13.46,YES,5.7362,15.8339,Lake and River,2,YES,0.076161
38.9,4.87302,53.93,0.4328,7.1554,93.7,5.12,1.35,5.43,6.68,20.0,3.78,YES,8.4753,11.8825,River,4,YES,0.032604
44.7,7.56815,41.45,0.8152,6.8179,94.4,8.39,5.42,8.39,3.97,19.5,14.1,NO,7.2541,16.3246,River,5,YES,0.047886
35.8,2.6553,46.14,0.8678,6.3497,99.0,2.74,1.37,4.6,9.3,22.4,14.33,NO,9.0379,17.376,Lake and River,6,YES,0.0581
44.6,5.61225,31.96,0.4404,8.4247,50.8,6.36,3.96,5.9,9.72,19.7,8.23,YES,9.6506,14.9431,None,5,YES,0.065309
11.5,9.24574,53.27,0.7678,4.342,74.0,9.78,5.59,1.37,4.92,24.3,8.66,NO,9.2132,16.5193,River,5,YES,0.038314
29.0,3.57357,52.0,0.8408,7.2693,51.3,5.96,6.46,7.74,8.63,22.1,21.53,YES,5.0569,19.6799,Lake and River,6,YES,0.058582
48.7,0.76452,32.75,0.5619,4.4785,90.7,5.41,9.09,1.99,8.43,18.9,16.7,YES,6.7452,13.3844,Lake,6,YES,0.043294
13.9,3.81274,44.79,0.7843,7.1993,88.9,8.81,4.56,3.04,9.75,22.1,28.41,NO,9.5573,10.9073,None,3,YES,0.053316
37.9,4.82749,51.52,0.5786,4.8163,67.2,4.04,2.35,4.44,1.86,19.9,28.14,YES,8.6266,17.2048,River,2,YES,0.071965
45.6,5.61933,47.22,0.6191,6.6321,80.7,6.18,9.12,9.93,8.7,20.8,9.72,NO,6.6483,11.7445,River,4,YES,0.071139
38.1,0.78149,56.91,0.8169,5.8311,29.3,4.23,1.01,1.17,1.64,22.5,13.6,NO,6.5772,17.0916,Lake,3,YES,0.052963
29.8,8.3075,43.76,0.6725,4.6147,55.9,3.1,5.81,3.1,5.2,22.8,5.88,NO,6.6877,15.0461,Lake and River,4,YES,0.034669
35.7,1.71888,56.34,0.5558,6.8167,21.3,2.7,2.51,4.42,4.71,18.6,11.31,YES,6.0701,15.7071,River,5,YES,0.058148
44.6,1.00469,33.33,0.8585,5.5582,49.7,7.15,9.99,1.35,6.79,23.4,16.41,YES,7.6982,10.5892,River,4,YES,0.046738
41.7,6.56964,40.35,0.4598,8.3918,95.3,2.98,7.91,2.79,1.88,24.1,29.76,YES,6.2513,12.6194,River,5,YES,0.054139
30.2,4.01394,50.3,0.7479,4.0028,25.2,5.34,8.37,7.97,9.22,23.4,26.78,YES,8.4722,13.3582,Lake and River,5,YES,0.051841
32.7,1.24227,58.75,0.4625,6.9184,33.9,2.02,5.39,4.57,5.17,24.8,3.54,YES,9.374,18.7048,None,6,YES,0.065066
20.5,6.16147,55.02,0.5787,4.4326,91.4,9.3,7.63,2.72,9.09,18.4,17.78,NO,5.2568,16.5459,Lake and River,2,YES,0.067605
23.0,8.83357,42.83,0.4036,5.7207,68.1,8.44,1.84,3.19,5.29,21.0,25.75,NO,5.0764,11.0355,None,6,YES,0.086542
14.1,6.80061,44.4,0.5892,6.3122,79.3,3.8,5.36,2.32,6.48,23.1,8.91,YES,5.4838,18.5896,Lake,2,YES,0.066334
23.7,7.26696,46.33,0.6478,4.6949,21.3,7.88,4.3,1.13,7.2,21.7,10.12,NO,7.7843,16.4903,River,6,YES,0.047505
13.9,7.8154,56.71,0.6192,7.0935,83.4,3.4,5.0,6.39,3.22,23.0,27.18,YES,7.3371,19.3648,None,2,YES,0.034646
49.6,1.89688,47.97,0.5334,7.5384,45.2,6.26,9.88,7.63,3.14,21.5,17.22,YES,8.1632,16.7184,Lake and River,6,YES,0.032165
47.2,3.41446,58.13,0.6408,6.1979,27.5,8.45,7.88,3.32,5.4,18.4,14.31,NO,9.3645,18.8498,Lake,6,YES,0.067098
44.4,3.58174,56.76,0.7393,6.0066,85.2,7.66,1.73,2.8,6.3,18.8,25.06,YES,6.1462,10.4492,River,2,YES,0.066707
15.8,4.40152,42.79,0.5435,7.5023,74.7,6.44,3.93,3.17,9.23,20.0,11.37,NO,9.5383,14.6887,Lake and River,2,YES,0.041932
37.3,0.98663,55.17,0.796,7.8881,36.1,4.21,1.69,2.1,4.1,18.3,15.93,NO,8.5789,17.9285,River,5,YES,0.066436
30.5,6.06091,50.53,0.511,6.8214,95.0,3.53,9.98,3.13,4.83,21.5,8.16,NO,6.0175,14.2615,Lake and River,3,YES,0.043357
44.2,7.01097,31.86,0.7105,7.2273,85.3,8.01,1.51,2.21,7.57,21.9,12.51,YES,5.403,11.8874,River,5,YES,0.038888
46.2,0.40542,44.65,0.7743,5.7977,67.9,6.39,2.06,4.12,6.8,21.5,3.5,NO,8.7551,12.0473,Lake and River,4,YES,0.072275
47.6,8.36527,45.41,0.4485,4.7692,58.5,5.08,5.39,1.32,6.13,23.5,24.43,YES,8.5564,18.989,Lake,5,YES,0.047369
21.7,1.63269,42.1,0.5456,8.5881,77.0,4.48,9.95,8.88,6.27,24.1,14.59,YES,7.063,13.2224,None,6,YES,0.049651
31.2,9.48578,38.02,0.8339,6.986,85.5,3.62,8.26,7.57,2.41,18.5,15.24,NO,7.239,17.1202,Lake,4,YES,0.065823
28.2,0.73813,51.2,0.5159,7.5783,64.6,7.31,7.11,4.15,5.6,24.7,15.0,YES,7.8225,12.9577,Lake and River,2,YES,0.062958
40.9,1.90856,57.02,0.8354,4.1325,20.6,7.23,7.38,7.06,4.98,24.1,9.35,YES,7.1826,19.7415,Lake,2,YES,0.034603
37.6,2.82819,35.41,0.5029,5.7714,62.6,5.7,4.29,5.99,8.14,24.0,10.92,NO,9.2768,19.1715,Lake and River,4,YES,0.050915
11.3,8.02271,59.38,0.4067,7.1297,68.9,8.1,9.95,7.42,9.82,19.7,20.02,YES,9.5457,11.8049,River,6,YES,0.05414
49.9,0.57211,37.0,0.8302,4.5456,31.9,3.88,9.78,5.41,6.19,24.8,20.36,NO,6.0782,12.5771,None,3,YES,0.035739
10.1,1.33395,51.56,0.4535,6.4584,94.0,6.84,5.27,1.85,3.85,21.6,29.28,NO,5.3217,13.3667,Lake,2,YES,0.087123
43.3,6.33093,36.5,0.6621,5.5988,78.0,8.93,3.35,3.78,1.41,19.5,26.88,YES,8.5469,10.6225,River,4,YES,0.038534
15.0,5.47939,58.81,0.5714,6.8854,76.6,9.58,3.48,7.02,6.4,23.6,19.42,NO,6.1371,10.2555,River,4,YES,0.083329
21.0,7.53823,44.86,0.5073,7.8155,70.0,8.64,4.09,1.25,9.45,19.8,26.33,NO,7.0694,10.8099,None,4,YES,0.049696
42.1,5.62124,32.05,0.5541,4.3912,66.7,4.36,8.39,3.95,5.39,19.6,23.32,YES,5.0838,14.4673,River,4,YES,0.047852
22.5,1.80241,48.25,0.6266,4.5524,39.6,1.75,3.51,6.92,1.62,20.7,25.65,YES,5.9093,10.3994,River,6,YES,0.079768
28.9,1.17703,40.29,0.6653,5.9837,65.7,3.86,9.06,4.51,8.09,21.4,23.74,YES,7.7718,11.9587,River,4,YES,0.032962
26.2,6.80025,51.32,0.6318,7.7545,42.4,6.58,6.33,9.35,2.12,19.8,7.24,YES,5.2014,18.5241,Lake and River,6,YES,0.054595
46.7,1.67535,56.12,0.8183,4.4128,52.0,3.14,1.08,1.84,8.84,19.4,27.2,YES,6.0764,12.182,River,5,YES,0.039202
34.7,7.99552,41.08,0.5089,4.143,42.9,1.88,1.6,5.16,9.9,19.7,6.55,YES,5.9114,14.4681,Lake and River,2,YES,0.055207
17.6,5.85485,46.43,0.8855,8.0905,93.4,4.49,2.06,9.32,8.52,20.7,26.25,NO,5.2041,12.758,River,3,YES,0.054987
26.9,5.63269,30.35,0.8077,4.9663,78.6,6.4,4.48,4.08,7.97,22.4,14.7,NO,6.9997,16.5668,Lake,3,YES,0.044349
20.1,3.22895,55.49,0.6319,7.9294,80.5,3.59,7.36,2.26,3.55,19.3,9.77,YES,9.499,17.4976,Lake and River,3,YES,0.054139
24.8,3.93695,44.62,0.544,6.4519,36.2,3.24,5.73,3.13,9.1,19.9,25.4,YES,7.9625,18.3909,River,2,YES,0.062377
13.8,8.7992,44.46,0.5982,6.2222,53.4,2.19,4.98,6.31,2.49,23.4,27.98,NO,8.6358,18.6793,Lake,2,YES,0.06345
44.2,6.71982,53.53,0.4723,8.0862,47.8,5.09,3.8,7.28,1.91,22.4,21.68,YES,8.6682,15.3389,Lake,6,YES,0.050129
13.3,1.60751,39.55,0.5021,4.3739,43.5,2.23,5.67,7.85,9.78,19.7,13.8,YES,7.9964,18.315,Lake and River,5,YES,0.07307
43.6,7.43395,33.64,0.6043,8.9581,24.3,4.3,9.69,7.11,1.36,18.5,2.62,YES,9.5064,10.4906,Lake and River,2,YES,0.076179
16.9,6.81645,40.41,0.4258,7.4737,29.6,3.05,4.21,8.26,8.18,19.3,2.12,NO,8.3813,14.0223,None,3,YES,0.085091
21.3,5.77529,44.67,0.4762,7.1876,45.2,7.52,2.22,7.48,1.49,21.4,8.38,YES,9.5876,19.6321,None,6,YES,0.060114
44.9,6.75239,54.21,0.8818,8.6769,67.2,2.65,4.94,1.07,8.93,24.0,12.92,YES,7.2389,18.1916,Lake and River,6,YES,0.035871
48.3,4.51239,40.74,0.622,4.5075,26.1,5.97,9.13,3.25,4.46,18.7,5.06,YES,5.7344,10.9375,Lake and River,5,YES,0.032947
10.8,8.5067,40.74,0.6906,7.4748,99.6,1.16,3.78,1.7,8.06,20.9,11.47,YES,6.2186,16.7283,Lake and River,5,YES,0.046738
11.9,3.47458,50.74,0.54,4.4853,48.3,7.85,5.43,4.6,6.05,19.9,21.72,NO,5.5779,17.0441,Lake,4,YES,0.086525
21.7,4.68691,47.7,0.4141,5.4629,23.7,9.75,6.66,1.69,6.84,18.3,18.04,YES,8.9448,19.5684,Lake,5,YES,0.085895
17.5,7.3197,42.35,0.5822,4.3308,21.1,8.51,8.2,3.99,5.15,20.6,9.22,NO,8.7181,12.1993,Lake and River,4,YES,0.082027
29.8,6.05312,30.35,0.569,5.8039,93.1,7.32,8.79,1.78,4.43,25.0,10.83,NO,8.4061,11.7851,Lake and River,4,YES,0.08938
12.2,8.56434,37.34,0.601,6.1836,38.9,3.77,2.31,6.01,7.76,22.3,19.72,YES,6.6581,16.7368,None,2,YES,0.050611
11.3,5.57343,48.11,0.5684,6.8078,65.8,5.77,8.54,9.18,2.5,20.9,9.02,YES,5.4468,10.8519,None,6,YES,0.084702
17.7,4.75019,42.72,0.4759,7.6717,85.6,2.2,8.39,2.43,4.15,24.9,25.84,YES,8.2577,15.729,None,5,YES,0.058123
21.0,7.40806,49.11,0.795,4.1717,55.4,7.76,2.97,8.52,3.55,25.0,25.54,YES,5.3163,14.0705,Lake and River,4,YES,0.062921
31.2,2.0204,54.99,0.6464,8.4316,70.3,4.52,9.5,1.1,6.29,18.9,15.0,YES,8.9868,19.3461,River,4,YES,0.036967
27.4,8.12932,47.36,0.5573,7.4343,41.9,7.67,4.96,2.43,5.81,19.5,15.73,YES,8.4184,15.5491,River,3,YES,0.054894
14.0,2.19103,56.03,0.855,4.5928,21.2,2.67,7.15,8.12,4.96,21.8,6.49,YES,6.6849,18.7459,River,4,YES,0.039506
22.8,3.01933,55.01,0.6965,5.375,69.1,4.37,8.69,4.86,1.77,20.0,8.15,NO,9.5022,13.9446,None,2,YES,0.036906
34.7,7.00775,36.0,0.4552,8.5047,57.4,6.27,6.06,5.58,6.28,22.0,18.84,NO,8.8274,13.5034,Lake,6,YES,0.043011
36.1,5.50265,59.74,0.7058,7.8716,75.0,3.35,4.56,5.1,3.83,23.5,26.28,YES,8.4956,16.4381,Lake,4,YES,0.046843
41.2,1.99214,53.2,0.7853,5.3038,35.7,6.37,7.1,7.75,1.59,19.9,4.2,YES,8.0128,19.0167,Lake and River,4,YES,0.051671
30.5,9.87749,39.55,0.6189,5.5907,42.4,8.0,2.84,5.67,9.15,23.9,2.95,YES,9.8613,14.8023,River,5,YES,0.030234
34.9,3.17598,41.35,0.8263,8.9313,44.5,1.01,8.25,9.75,9.65,20.4,23.88,YES,8.9481,17.2064,River,2,YES,0.039411
28.9,3.61925,32.35,0.7514,8.4615,35.8,6.9,1.93,4.27,9.28,23.6,28.9,NO,8.0516,18.1401,None,6,YES,0.046146
10.5,4.9763,39.58,0.7278,7.0772,31.3,5.47,4.63,6.73,5.98,18.3,8.35,YES,8.9687,16.8902,Lake and River,3,YES,0.058287
27.2,6.45004,39.7,0.87,7.6787,39.8,6.76,5.02,9.99,5.35,19.7,5.58,YES,6.4194,17.1299,Lake and River,2,YES,0.040899
48.2,7.47336,51.65,0.5885,7.8898,76.0,8.05,2.17,5.31,9.2,18.2,28.38,NO,8.5197,19.0575,Lake and River,6,YES,0.05508
36.7,2.97325,46.91,0.4134,5.7839,59.2,8.5,6.79,8.43,3.06,24.2,10.17,NO,5.5433,14.7446,Lake,4,YES,0.068058
36.5,1.71094,48.4,0.8177,6.3801,53.6,3.01,9.59,4.62,1.21,23.3,21.82,YES,5.8538,12.6087,None,5,YES,0.042475
36.7,9.23089,30.3,0.4785,5.724,31.2,3.15,2.57,9.74,2.23,21.9,2.57,NO,6.1091,16.4248,None,2,YES,0.074977
31.3,1.97875,35.56,0.4744,5.1336,92.4,5.46,8.32,9.93,4.19,22.4,22.92,YES,8.2009,11.6398,Lake,4,YES,0.079119
26.6,7.7716,47.75,0.4586,5.9257,84.6,5.29,9.53,9.49,1.08,19.8,28.7,NO,7.4068,11.3882,Lake and River,3,YES,0.05046
13.9,1.65228,58.69,0.7029,4.5643,71.3,5.71,9.23,2.2,9.52,23.4,11.35,NO,6.6817,18.026,None,6,YES,0.077126
19.5,6.75404,44.87,0.7889,5.7735,23.3,9.73,6.76,6.84,5.43,20.9,15.52,NO,9.6775,15.9466,River,3,YES,0.032441
18.6,7.94723,32.99,0.538,7.9175,54.3,3.91,6.17,8.13,6.28,19.2,11.2,YES,9.718,13.2712,Lake and River,3,YES,0.042884
26.1,6.82953,31.86,0.4192,4.8961,51.8,9.61,1.7,9.67,1.53,22.1,16.56,NO,6.1929,10.3977,Lake and River,6,YES,0.071786
18.2,9.4705,39.01,0.6573,6.4514,54.0,5.56,8.34,6.42,4.15,20.6,7.69,NO,5.6093,15.0,Lake,3,YES,0.04404
19.8,2.58729,44.54,0.5836,8.9557,75.6,8.75,5.69,5.01,7.23,22.5,8.59,YES,5.2919,13.4542,Lake,5,YES,0.054153
36.6,9.24214,40.26,0.4487,7.1064,33.6,3.01,6.72,3.62,6.07,21.5,17.58,YES,9.653,10.522,River,2,YES,0.037477
32.9,4.93222,50.74,0.6145,5.2565,50.8,9.08,2.35,2.3,4.62,19.6,21.27,YES,9.2134,14.5814,Lake and River,6,YES,0.068872
46.5,2.34597,54.75,0.427,6.8082,88.8,8.42,9.91,1.09,5.77,20.2,12.3,NO,9.7571,18.6937,Lake,6,YES,0.039566
18.5,9.25726,45.42,0.7214,6.7271,81.9,5.16,9.34,9.8,8.71,20.8,20.71,YES,6.8723,13.125,Lake and River,4,YES,0.062775
30.8,4.90248,55.02,0.5347,5.3787,40.6,8.64,6.5,5.66,2.54,18.4,2.7,YES,8.9762,11.7037,Lake and River,3,YES,0.067785
30.8,9.97828,39.68,0.5842,6.2105,90.4,8.99,9.86,5.58,2.6,19.4,10.18,YES,8.6587,11.3787,Lake,2,YES,0.085492
34.8,5.74485,58.21,0.6166,6.8397,96.8,3.76,4.18,2.39,6.24,23.1,8.02,YES,5.2291,11.0382,Lake,6,YES,0.077934
21.6,8.73134,47.91,0.7748,4.561,64.1,1.09,2.83,4.87,6.79,20.2,16.99,YES,9.8982,19.6092,Lake,3,YES,0.084355
33.9,5.12764,47.52,0.6491,7.0897,59.9,1.28,1.96,4.89,1.82,18.0,25.14,YES,6.6296,15.2095,River,5,YES,0.052892
33.3,1.33863,35.66,0.6904,5.7845,93.6,3.15,4.3,7.29,4.34,19.7,6.75,NO,6.5597,11.7711,River,6,YES,0.068698
38.3,0.11879,45.4,0.4144,6.9649,22.7,3.36,6.44,2.81,7.97,20.8,7.33,YES,7.0501,17.7011,None,2,YES,0.043738
17.6,2.3031,39.56,0.8165,7.0051,85.1,5.18,8.91,9.11,2.95,22.2,12.6,NO,7.0645,13.0831,None,3,YES,0.069957
49.4,9.90269,58.3,0.8417,7.874,42.1,6.57,2.28,4.35,6.47,23.0,15.77,YES,7.1659,10.5143,None,4,YES,0.038128
13.9,4.40218,47.27,0.5883,8.8249,97.1,8.26,1.9,9.01,9.62,22.8,11.92,YES,8.4273,13.1291,Lake,6,YES,0.036773
39.2,7.03247,55.1,0.7118,6.854,53.8,7.76,4.36,4.65,9.05,22.2,21.68,NO,8.3676,14.9624,None,6,YES,0.037544
43.8,7.05652,37.58,0.7565,5.0036,72.1,3.57,4.75,1.83,2.49,24.0,3.53,NO,5.7072,13.4851,None,3,YES,0.073603
46.0,3.56082,56.34,0.6098,4.5967,63.4,6.89,4.64,4.0,3.11,21.4,3.91,NO,9.7643,19.5102,Lake and River,5,YES,0.06995
29.3,8.7644,36.42,0.6917,8.0757,24.6,8.15,2.95,3.35,7.1,19.9,13.22,YES,7.9075,11.6219,River,3,YES,0.082448
33.4,6.10268,56.44,0.8375,6.3668,56.9,9.11,1.89,7.74,6.76,19.4,11.46,YES,7.4705,17.919,Lake and River,5,YES,0.089312
34.3,8.14622,34.07,0.464,7.3678,80.0,1.48,8.26,8.21,7.2,21.5,22.78,NO,5.6395,11.6553,None,6,YES,0.050218
10.7,6.28107,42.66,0.6004,4.2245,88.7,6.47,6.31,3.69,8.06,19.5,4.94,NO,9.7524,12.6312,None,4,YES,0.077309
24.1,9.58969,37.7,0.53,4.1378,74.4,4.95,4.26,6.06,9.87,22.6,8.38,YES,9.345,10.9997,Lake,3,YES,0.038542
34.7,3.21308,46.04,0.8163,7.5692,96.9,7.66,3.13,9.29,4.99,19.2,2.94,NO,8.819,10.9481,Lake and River,3,YES,0.063032
39.5,7.51457,32.57,0.4232,4.481,25.5,4.39,4.12,6.54,6.85,18.3,2.3,YES,6.4379,18.2585,Lake,3,YES,0.052517
29.1,9.89378,33.63,0.784,7.5559,84.8,3.67,7.82,8.98,7.01,24.7,19.34,YES,6.1486,18.7246,River,5,YES,0.064913
36.2,8.2846,32.06,0.7183,6.758,93.6,8.66,8.62,4.85,4.51,19.1,14.51,NO,6.9017,17.7272,Lake,5,YES,0.033958
11.9,7.93042,53.59,0.5368,4.7646,23.5,5.89,4.45,6.19,3.14,20.2,6.34,NO,8.1634,16.0022,Lake,2,YES,0.035667
16.3,8.17627,59.27,0.7766,8.6536,72.1,4.75,1.47,5.06,9.14,23.2,22.03,YES,8.6417,16.039,Lake and River,4,YES,0.083875
18.8,8.73751,37.73,0.585,8.1854,49.3,2.62,6.88,8.01,8.12,22.1,16.91,YES,9.1067,13.9137,Lake and River,2,YES,0.046586
30.8,7.4454,51.51,0.5779,7.7661,26.5,7.84,6.66,6.95,8.7,24.8,9.14,NO,5.3318,17.6024,None,4,YES,0.082154
43.0,8.91885,50.17,0.5896,4.8844,96.4,5.63,9.59,8.13,8.67,19.0,11.77,NO,5.2675,11.3216,Lake,2,YES,0.041065
26.3,3.43998,51.57,0.6046,4.2724,62.8,6.97,1.91,9.44,6.36,19.1,12.49,YES,8.4775,15.6081,None,3,YES,0.074657
33.5,8.36082,56.32,0.5563,8.7351,61.6,7.61,7.51,8.9,9.56,23.6,20.86,YES,7.4008,10.3119,River,5,YES,0.079085
28.6,9.32346,37.26,0.422,7.3032,26.1,2.06,4.76,8.93,1.02,22.1,24.78,YES,6.5686,18.4864,River,4,YES,0.053921
36.1,7.48979,31.49,0.5075,5.9758,34.0,1.32,9.95,5.42,5.3,22.6,13.92,YES,9.3901,16.5245,Lake and River,2,YES,0.082923
10.3,1.34129,40.22,0.7246,5.921,48.2,3.71,1.71,6.33,3.08,21.7,8.57,YES,5.5069,17.387,None,3,YES,0.057416
49.4,5.39067,40.6,0.8562,7.0798,28.4,7.71,4.18,4.69,6.8,20.7,16.35,YES,9.2551,10.7493,None,4,YES,0.074273
31.8,9.19026,58.67,0.42,7.0853,78.3,8.9,1.39,2.79,1.4,23.7,2.77,NO,9.1468,18.466,Lake,5,YES,0.088031
39.8,8.5696,51.8,0.5038,8.5414,42.5,5.96,5.7,1.78,5.87,22.4,16.66,NO,7.9674,13.7076,River,2,YES,0.058766
33.5,0.82325,40.79,0.4334,8.8087,48.9,7.21,1.22,9.72,4.13,21.3,24.6,NO,5.012,11.6409,None,5,YES,0.088403
37.1,3.74477,59.94,0.8651,4.6381,74.2,1.36,8.95,2.67,9.68,21.9,12.97,NO,8.1812,18.1076,Lake and River,6,YES,0.075706
49.4,3.32337,41.8,0.6995,5.4851,68.7,6.21,3.11,6.67,2.54,21.1,15.56,YES,5.637,16.537,None,3,YES,0.040731
35.3,2.35331,32.86,0.4505,5.6984,94.6,3.08,5.7,4.54,2.11,19.5,16.0,YES,8.0025,19.8228,Lake,4,YES,0.050765
40.2,1.9348,35.97,0.624,8.3856,33.2,7.1,4.67,6.76,2.6,23.3,23.23,YES,9.0383,10.54,Lake and River,5,YES,0.031923
41.2,6.78293,31.66,0.7756,6.2788,35.2,2.11,4.84,8.17,3.25,24.3,19.97,YES,7.3707,13.6811,Lake,2,YES,0.075857
39.0,3.64379,39.31,0.5191,6.5182,23.2,3.93,8.72,8.06,8.78,20.8,2.35,NO,8.3732,11.7107,Lake and River,4,YES,0.085001
43.0,8.03824,50.35,0.7233,4.8482,80.4,1.61,8.03,8.04,2.39,24.2,28.57,NO,6.1231,12.576,None,2,YES,0.071125
28.4,4.56355,46.49,0.4258,8.0007,22.3,4.84,9.97,3.79,3.95,21.1,24.73,YES,9.2979,19.4928,Lake,5,YES,0.036436
18.5,8.48462,42.46,0.505,5.9851,55.6,7.06,1.27,3.73,3.13,22.2,3.35,NO,5.6828,13.4794,River,4,YES,0.058364
18.4,3.52956,36.96,0.8962,5.0318,29.6,1.56,1.04,8.09,3.31,20.4,25.64,NO,7.1719,15.7556,None,3,YES,0.044768
20.8,8.26491,39.73,0.7243,4.6149,88.8,6.92,8.48,8.22,4.39,18.8,26.83,NO,8.2866,15.7021,River,4,YES,0.04256
31.0,9.2477,42.24,0.4099,4.075,66.0,3.94,5.54,9.97,4.59,21.3,3.5,YES,9.4795,11.729,Lake,6,YES,0.032193
26.1,4.8522,48.51,0.736,4.6969,34.5,4.15,1.21,4.4,4.24,23.4,15.97,YES,9.4197,19.794,River,4,YES,0.054883
47.2,2.92883,47.07,0.6287,5.7381,41.1,1.02,1.21,5.69,8.63,22.1,3.75,NO,6.3953,13.8559,Lake,6,YES,0.047856
48.3,4.31559,42.13,0.8215,6.4892,45.7,5.76,7.25,5.69,5.16,20.0,23.61,YES,5.1113,18.1002,River,5,YES,0.03891
41.8,2.65618,37.92,0.6821,6.3782,86.4,2.27,4.6,6.64,9.98,19.9,9.31,YES,9.9775,18.8863,None,5,YES,0.067131
16.5,7.38656,55.13,0.6077,8.419,86.1,3.4,4.33,1.55,6.64,23.8,27.91,NO,5.5599,14.8422,Lake,6,YES,0.08136
29.1,7.69422,50.08,0.4429,8.4124,42.7,3.2,9.74,5.39,3.64,20.4,5.67,NO,5.4535,10.8959,Lake,5,YES,0.067874
42.6,0.89991,58.96,0.8092,5.3004,89.2,6.93,6.24,5.78,9.77,24.7,17.15,NO,5.8053,14.578,Lake,4,YES,0.048246
27.5,1.27818,49.85,0.5548,4.2696,24.8,9.68,3.08,8.11,6.37,21.2,18.16,YES,8.4021,19.0352,River,5,YES,0.030993
42.1,3.32684,53.24,0.5497,4.6678,45.9,1.93,9.57,9.57,1.73,23.1,3.8,YES,7.0628,18.2858,Lake,4,YES,0.045184
41.5,5.57255,41.97,0.8437,6.4583,65.8,9.6,4.29,7.79,8.22,24.4,8.9,NO,9.3839,12.592,River,2,YES,0.061288
26.8,5.64349,38.69,0.7475,7.2091,45.5,7.76,4.62,4.03,1.95,22.3,21.19,YES,9.534,16.9953,River,3,YES,0.034726
48.8,8.73103,43.32,0.8727,8.4796,83.2,7.91,8.3,4.45,2.5,24.2,4.59,YES,7.2119,18.2098,Lake and River,6,YES,0.061741
26.3,1.60853,34.24,0.5671,6.2486,55.1,5.37,9.28,1.63,4.51,24.3,15.87,YES,8.7745,10.8535,River,4,YES,0.031897
38.9,6.79707,45.2,0.8189,6.7605,21.1,9.77,4.78,1.58,8.72,19.1,15.01,YES,5.2828,10.9809,Lake and River,3,YES,0.049984
12.9,3.71591,57.41,0.8419,8.006,38.4,2.03,6.6,3.68,3.33,20.1,7.56,YES,8.2815,11.0743,River,5,YES,0.059342
17.0,3.90084,40.53,0.8032,5.9046,45.0,3.37,4.12,8.82,6.13,22.8,10.82,YES,7.0812,18.0584,River,6,YES,0.085284
31.1,4.20127,56.83,0.7285,6.8824,51.7,4.31,1.87,7.33,8.41,19.1,15.44,NO,9.3799,17.0745,River,4,YES,0.038041
25.6,8.39407,36.45,0.8334,7.2996,84.8,1.14,6.05,1.9,1.47,18.0,23.79,NO,7.6969,15.2295,River,5,YES,0.079272
32.2,2.48447,56.28,0.8336,7.2369,34.2,9.58,2.68,6.99,2.58,19.5,10.26,NO,8.9841,19.0404,Lake and River,3,YES,0.041507
26.2,9.29304,52.01,0.6534,7.4087,23.5,2.45,6.98,1.68,9.63,24.3,17.06,NO,6.6134,19.1357,River,6,YES,0.058969
40.9,1.66216,48.97,0.5439,8.2651,37.4,8.44,4.71,8.1,2.57,24.7,10.88,NO,7.7056,13.5549,Lake,6,YES,0.054717
45.1,1.34155,44.02,0.5527,6.665,31.3,9.68,2.83,8.67,3.8,22.9,19.01,NO,7.8407,16.6003,Lake,3,YES,0.030854
26.1,9.70976,38.7,0.7132,7.7178,80.2,5.37,7.92,8.6,6.49,23.7,16.83,NO,9.2991,13.233,Lake and River,3,YES,0.046394
30.8,7.74603,47.83,0.4552,7.8445,87.4,6.02,2.49,8.83,3.32,18.5,5.08,NO,5.0045,13.7053,River,3,YES,0.07199
21.2,5.99612,42.74,0.4506,6.5255,70.6,4.8,8.86,4.47,3.36,24.6,20.42,YES,9.3037,14.9116,Lake and River,5,YES,0.04299
40.1,4.67732,50.72,0.5398,4.5494,97.7,7.79,7.36,3.8,8.01,23.7,26.15,NO,5.4715,14.546,Lake and River,5,YES,0.031547
14.3,6.25876,57.03,0.5197,8.2524,24.4,7.77,4.76,5.6,8.54,20.8,8.6,NO,7.8071,19.1172,Lake,3,YES,0.081212
21.2,5.59235,49.12,0.8591,8.2667,39.7,9.36,7.41,1.66,3.36,22.5,25.9,YES,5.9498,17.6984,Lake and River,6,YES,0.061596
19.4,9.56196,30.67,0.5305,6.6722,54.2,7.53,6.55,7.22,6.09,18.9,4.81,YES,7.2787,18.4076,Lake and River,3,YES,0.049814
49.7,5.26522,50.37,0.8593,6.7575,68.2,8.43,5.24,3.92,4.09,23.9,5.06,NO,7.7867,13.1848,Lake,6,YES,0.034074
35.6,7.44862,39.08,0.5116,7.5652,30.1,5.94,2.9,6.03,3.99,18.8,2.45,NO,9.1082,10.8368,River,2,YES,0.033017
36.7,3.90335,56.71,0.5491,5.0835,94.9,9.07,8.25,9.18,5.59,24.6,7.7,YES,9.0433,10.5615,River,3,YES,0.041043
11.5,5.74503,43.94,0.5115,4.5629,35.7,6.55,2.25,3.35,5.61,23.5,23.65,NO,9.5341,13.996,Lake and River,2,YES,0.068171
40.1,5.73975,59.55,0.6886,6.9033,35.3,4.09,4.21,6.98,2.63,24.3,28.54,NO,5.9118,18.8716,None,6,YES,0.038
35.0,5.68025,36.63,0.5806,7.5596,90.0,6.97,3.41,7.05,9.17,22.2,2.68,NO,9.7271,15.6461,None,3,YES,0.03488
18.1,7.67807,37.27,0.8081,7.8437,68.3,4.38,8.98,4.7,2.94,22.2,26.9,NO,7.6526,18.8733,River,5,YES,0.032178
34.7,3.83958,55.4,0.5295,6.0209,31.3,4.76,7.97,8.33,8.34,18.3,28.14,NO,7.5101,11.6468,River,6,YES,0.068713
31.0,0.0824,31.09,0.709,5.026,91.0,7.34,9.94,3.11,7.12,20.0,3.65,YES,7.0547,18.1428,Lake,3,YES,0.051068
29.1,9.68162,32.64,0.6041,6.3566,64.1,3.54,1.22,5.52,8.87,20.1,12.28,YES,9.4029,10.7206,River,6,YES,0.055242
16.6,9.8181,49.93,0.7632,4.9486,48.8,7.85,3.52,3.75,2.66,24.7,7.09,NO,8.1812,13.9148,None,6,YES,0.044591
47.9,3.27371,45.31,0.5662,8.7507,35.2,3.19,3.45,2.9,4.7,23.0,29.2,YES,5.1381,15.4657,Lake,2,YES,0.05093
34.8,4.74734,58.79,0.5281,5.0206,64.9,3.37,9.41,3.64,1.52,24.8,16.68,YES,8.2843,15.0248,None,3,YES,0.073401
26.9,5.22787,34.46,0.531,4.3594,71.7,2.67,7.24,3.3,6.58,24.0,6.92,NO,6.1404,13.971,Lake,2,YES,0.089634
49.3,3.50342,51.54,0.7629,8.7118,84.2,2.23,2.38,8.45,7.22,18.7,5.14,NO,8.3984,11.9971,River,2,YES,0.083499
49.4,5.96944,39.85,0.8259,5.3662,22.1,8.95,6.19,2.8,3.91,20.7,7.28,YES,5.7441,19.3397,River,2,YES,0.040176
31.8,0.80268,38.91,0.5366,8.2893,27.5,3.99,9.12,2.58,3.49,23.2,18.56,YES,7.472,10.4274,River,4,YES,0.030639
49.9,0.48794,30.38,0.7214,7.5958,62.6,8.43,4.66,2.91,3.52,23.9,14.85,NO,8.9809,11.0924,Lake and River,6,YES,0.055225
44.5,1.54529,48.12,0.5954,6.8453,54.3,7.25,8.66,3.87,3.52,21.4,13.73,YES,7.6457,13.4098,River,2,YES,0.071423
25.8,0.15499,52.17,0.8676,4.4718,38.7,8.72,9.73,9.77,3.23,21.5,7.03,NO,9.5817,19.2884,Lake and River,6,YES,0.062061
13.5,9.64846,43.16,0.8973,6.3918,27.4,4.37,2.9,5.27,9.09,18.2,2.21,NO,6.8723,13.5046,Lake and River,2,YES,0.06327
43.2,9.39559,49.18,0.4134,4.3592,50.7,4.91,4.08,5.98,4.09,24.0,9.72,YES,7.5452,10.5834,Lake,4,YES,0.073282
29.6,6.68808,59.14,0.508,6.6675,92.9,5.14,4.69,6.77,2.92,21.5,3.24,YES,6.416,18.7145,Lake,3,YES,0.04962
21.2,7.27615,49.6,0.8231,5.1701,85.0,9.4,9.26,5.57,1.5,23.5,10.7,YES,9.8334,17.7253,Lake,4,YES,0.074893
14.7,7.13085,53.17,0.6672,5.6839,55.9,1.2,9.18,7.08,1.3,19.5,8.97,YES,9.2905,18.1875,Lake,4,YES,0.07837
42.3,5.73153,49.53,0.5866,5.0871,71.1,2.67,1.43,2.36,9.24,20.9,15.77,NO,8.2513,11.6449,None,6,YES,0.062285
19.2,1.12105,39.32,0.5266,5.5194,50.7,9.36,7.8,6.22,3.62,18.8,17.34,YES,6.8832,16.1564,River,2,YES,0.037682
15.4,3.12688,32.47,0.4357,5.1578,34.5,5.04,1.45,4.96,4.57,19.0,2.47,YES,7.9598,16.373,Lake,4,YES,0.074361
30.2,6.44282,41.5,0.4349,5.9329,69.0,8.17,4.99,1.23,6.7,23.5,20.69,YES,5.3999,16.2469,Lake,2,YES,0.076038
19.1,1.29888,30.2,0.6269,8.3628,80.2,9.6,6.58,5.39,9.1,22.1,4.79,NO,7.4896,18.4534,Lake,6,YES,0.030748
14.5,2.99876,32.05,0.5915,6.4915,36.0,2.61,2.5,1.58,2.46,21.9,28.69,YES,6.0003,16.5169,River,3,YES,0.062239
23.9,3.99513,43.41,0.5597,4.7532,20.4,4.77,6.15,6.84,4.05,22.0,28.53,NO,9.0676,14.9375,None,6,YES,0.04375
31.4,3.63308,43.45,0.7236,6.0083,51.2,1.08,9.02,3.08,2.27,23.3,24.21,YES,9.3551,19.1989,Lake,4,YES,0.055077
22.5,6.19127,59.6,0.7167,8.6123,44.2,9.85,2.11,5.3,2.89,21.9,15.44,YES,6.8806,10.8838,Lake,6,YES,0.038681
31.5,7.71428,32.4,0.8045,4.2121,58.2,7.02,9.24,6.21,7.41,20.5,17.34,YES,8.2353,10.7656,Lake,4,YES,0.074055
11.2,2.777,47.2,0.6966,7.8375,82.4,2.67,5.1,8.38,9.89,23.8,25.34,YES,9.3344,12.05,None,5,YES,0.086232
25.7,6.35515,32.48,0.6541,5.976,61.3,1.29,6.49,9.82,9.11,24.7,28.9,NO,5.6895,19.5722,Lake and River,5,YES,0.048343
20.4,0.93866,54.78,0.5703,6.9134,32.4,6.93,7.5,6.39,1.02,21.8,3.92,NO,5.027,14.6516,None,6,YES,0.038905
16.7,7.37983,39.41,0.4521,6.665,23.7,9.9,2.06,7.15,5.28,24.1,11.34,NO,6.175,15.2391,Lake,2,YES,0.078787
43.6,7.50322,46.58,0.4556,6.4881,87.4,7.59,9.66,8.73,5.34,23.9,23.82,NO,6.3068,11.1334,None,2,YES,0.052666
23.0,7.26292,42.31,0.5457,4.3254,93.0,1.11,9.94,2.48,5.64,21.7,10.31,YES,5.4686,17.1495,Lake and River,6,YES,0.04166
33.6,2.87609,55.75,0.4375,4.8973,21.4,8.58,7.3,6.92,8.48,18.4,15.21,NO,5.6625,13.8089,Lake and River,4,YES,0.062712
28.0,1.50985,42.68,0.8444,7.8635,41.9,1.68,9.47,5.39,8.68,21.7,8.27,NO,9.1096,13.0594,Lake and River,4,YES,0.084755
38.2,0.74632,56.09,0.8817,7.9501,90.2,9.89,1.77,9.56,5.84,18.7,25.55,NO,5.4528,19.6269,None,6,YES,0.075139
38.2,6.60645,57.23,0.7459,7.9236,51.2,5.53,8.59,6.49,1.6,23.4,25.25,YES,9.6675,19.0838,River,5,YES,0.030561
48.3,9.25698,41.26,0.7168,8.6655,40.5,3.7,9.29,3.7,1.12,18.7,17.25,NO,9.0468,12.9346,None,6,YES,0.07385
50.0,1.05902,59.12,0.4761,4.1406,95.9,5.07,6.18,6.17,9.79,19.2,15.2,NO,9.1521,15.4602,Lake,3,YES,0.033069
33.0,5.44103,30.0,0.8521,4.7076,22.3,9.49,6.11,4.86,9.37,18.8,11.9,NO,5.4115,18.705,River,6,YES,0.045375
43.8,3.00863,46.11,0.6228,6.6304,73.5,9.77,8.53,5.53,9.95,19.0,28.86,YES,8.8302,14.9818,Lake and River,2,YES,0.07884
45.5,0.35802,56.07,0.7511,4.3596,39.2,5.21,8.8,8.56,4.52,21.5,25.03,NO,5.6756,12.5595,None,4,YES,0.084317
12.3,2.51646,33.04,0.5644,6.4705,83.8,3.04,2.48,3.13,8.36,19.2,27.53,YES,6.4179,18.0537,Lake and River,5,YES,0.050769
32.7,6.96775,55.54,0.4883,4.0816,67.5,5.2,1.5,4.36,8.37,24.6,20.23,YES,5.1562,13.5937,River,2,YES,0.054835
18.6,4.65685,34.68,0.6841,5.7956,67.7,5.06,3.84,1.58,6.88,24.8,20.77,YES,8.9763,10.1873,None,5,YES,0.071119
33.6,7.39713,59.3,0.5939,7.2083,92.0,5.55,4.76,4.88,5.77,21.9,21.68,YES,7.133,16.8481,Lake,5,YES,0.049895
15.3,9.80772,59.23,0.5511,6.9585,70.5,7.35,9.01,1.18,3.62,18.9,2.49,YES,6.522,19.49,Lake and River,5,YES,0.089043
26.0,9.69058,58.01,0.7567,5.1977,47.6,6.69,7.85,8.0,3.65,20.2,23.96,YES,5.2838,18.3091,Lake and River,5,YES,0.055692
37.3,7.28449,57.3,0.6288,4.1089,59.3,2.4,4.15,2.93,9.18,21.8,6.67,YES,7.6558,16.3043,Lake,2,YES,0.035548
42.6,4.40274,47.09,0.5103,8.8577,65.2,3.5,3.95,7.87,4.08,20.4,25.65,NO,5.8047,11.0926,River,3,YES,0.08362
26.3,4.25161,49.54,0.6083,7.8873,68.8,4.11,7.1,1.96,7.19,24.4,28.24,YES,6.8702,16.6937,Lake and River,5,YES,0.075111
38.8,6.69531,55.85,0.7061,6.0879,98.1,5.39,4.58,7.4,9.18,21.8,10.59,YES,6.0701,11.5748,Lake,3,YES,0.075265
19.3,0.86104,55.86,0.897,5.7446,26.8,7.61,4.29,8.05,3.04,24.0,11.15,YES,9.2477,10.8467,None,6,YES,0.035555
34.1,9.4872,51.14,0.4478,7.7426,93.0,3.26,6.94,4.09,6.27,24.4,17.97,NO,8.8445,19.2009,River,3,YES,0.065501
15.1,8.46208,53.08,0.5583,6.5006,65.8,4.37,3.44,6.17,5.05,21.3,9.13,NO,8.6583,15.4342,Lake,4,YES,0.043191
17.4,3.00549,41.81,0.843,6.5027,70.1,3.89,1.05,6.69,1.12,18.8,5.1,YES,9.0309,12.1656,River,5,YES,0.03665
27.3,9.24906,31.75,0.4048,8.6847,45.2,7.33,7.15,9.87,2.97,20.7,13.38,NO,6.6962,16.3488,None,6,YES,0.080431
46.5,6.37981,57.43,0.7977,4.2062,41.6,1.23,8.38,1.64,5.71,22.5,8.12,YES,6.6655,19.6866,Lake and River,3,YES,0.065842
32.2,8.54912,30.08,0.775,7.0758,46.7,9.34,4.18,8.31,9.97,21.2,13.33,YES,6.5766,11.9735,River,5,YES,0.031845
34.9,8.96566,55.4,0.7578,5.6338,81.7,9.73,8.68,3.74,6.02,24.8,10.53,YES,5.2377,18.7778,None,2,YES,0.045465
39.8,2.16591,31.83,0.8249,6.7114,25.3,1.05,7.64,4.34,5.13,19.2,24.0,NO,5.0545,15.3499,None,2,YES,0.080611
20.5,9.48675,40.71,0.6016,8.0731,66.4,8.26,7.55,5.61,8.14,19.2,9.06,NO,7.9482,12.0217,River,4,YES,0.059608
27.4,9.16377,33.44,0.875,8.7501,50.3,7.38,3.96,1.36,8.68,20.1,25.61,NO,8.3049,14.5569,River,5,YES,0.067187
29.0,7.96787,43.27,0.4491,4.3244,49.5,1.36,8.29,7.27,8.27,19.1,15.84,NO,7.3122,12.2667,Lake,6,YES,0.031615
14.2,1.85744,42.22,0.787,6.3264,43.5,7.1,9.19,3.27,9.63,19.6,24.49,YES,8.7295,13.5668,None,3,YES,0.058634
19.9,2.12922,30.48,0.8931,6.4565,34.2,8.45,2.04,3.27,1.18,21.4,18.23,YES,8.7416,12.2753,None,6,YES,0.089009
47.3,4.6057,43.54,0.5461,5.0723,20.7,8.01,9.14,2.87,2.55,20.5,4.82,NO,8.2882,15.6266,Lake,5,YES,0.036222
18.3,0.88312,50.43,0.794,6.1768,65.8,5.98,8.6,9.12,7.77,23.8,27.04,NO,8.1901,17.6579,Lake,4,YES,0.058251
29.1,8.33233,47.99,0.6468,6.7204,81.9,9.57,6.79,3.5,4.92,18.8,24.36,YES,5.5344,18.5165,River,3,YES,0.031722
21.3,0.46688,50.51,0.5091,5.1233,46.0,3.73,7.87,5.99,7.72,18.8,15.87,YES,7.7726,11.9137,None,4,YES,0.089068
17.3,4.89807,56.09,0.5915,4.0379,54.0,2.78,3.36,3.26,7.42,19.7,12.49,NO,5.1986,15.8974,None,4,YES,0.07011
47.7,5.1608,58.34,0.8157,4.5043,26.0,4.84,9.99,9.35,3.63,19.4,14.38,YES,8.5791,10.4783,Lake and River,3,YES,0.06288
32.3,8.52217,53.56,0.679,4.7269,87.4,2.6,3.75,7.29,5.04,21.5,6.17,NO,6.5485,16.2531,River,6,YES,0.077573
21.4,6.62145,49.29,0.6542,5.5199,53.8,6.25,7.57,3.38,2.55,22.9,25.82,YES,6.4816,11.2856,Lake and River,5,YES,0.076114
34.5,2.70249,34.61,0.7966,8.1244,77.4,3.08,2.95,5.46,2.69,24.5,15.96,YES,6.1562,15.3686,River,4,YES,0.063648
13.9,3.25008,50.01,0.5196,6.6872,45.3,3.26,9.8,1.39,1.86,22.7,6.92,YES,6.6591,14.2103,Lake,2,YES,0.057438
13.9,6.88572,46.25,0.6923,8.1728,66.8,2.04,1.03,4.11,4.93,25.0,29.11,NO,5.3745,16.7175,Lake,4,YES,0.076975
11.5,7.99335,51.09,0.5976,4.5878,93.7,6.66,5.24,9.1,3.18,19.2,14.27,NO,7.2883,12.732,Lake and River,2,YES,0.084481
14.7,3.82499,30.28,0.8674,8.6017,79.7,9.17,4.84,6.14,5.77,24.4,19.13,YES,9.8984,18.2789,River,2,YES,0.048968
46.0,7.01523,53.96,0.4531,6.5864,84.9,6.08,4.04,2.53,3.13,19.5,28.64,YES,9.214,14.7594,Lake and River,6,YES,0.034644
38.5,3.70338,42.72,0.7961,7.3524,40.3,3.07,6.65,9.63,8.31,22.4,11.26,YES,5.73,16.2001,Lake and River,3,YES,0.036221
45.1,4.89829,33.99,0.5474,6.665,52.4,9.54,4.63,9.61,9.66,21.3,8.32,NO,5.4257,19.3393,None,2,YES,0.043944
25.0,4.68845,58.72,0.619,5.0465,52.8,2.02,5.84,3.9,3.08,24.4,27.59,YES,8.6344,11.3025,Lake and River,5,YES,0.061248
36.2,4.8388,58.25,0.7619,5.8177,95.7,4.23,3.78,3.22,8.63,24.1,11.01,NO,8.1878,15.1274,River,4,YES,0.069952
42.1,3.62716,58.58,0.596,5.0961,84.7,6.83,6.51,3.98,2.11,23.3,24.74,YES,5.484,15.5337,Lake,3,YES,0.072083
48.5,5.99843,57.48,0.6229,7.8134,78.7,9.68,6.71,4.65,5.32,22.0,25.43,NO,5.9685,13.9502,None,2,YES,0.036568
22.3,0.87456,34.23,0.7265,7.7113,52.3,5.35,5.42,1.14,2.59,19.8,25.19,YES,6.8891,18.2723,River,2,YES,0.048761
45.6,1.66245,53.4,0.6121,8.7176,73.3,2.32,7.07,3.83,2.08,18.9,13.45,YES,8.6754,11.1117,Lake and River,2,YES,0.064409
48.7,2.22554,32.1,0.8279,7.2995,45.4,7.74,8.48,5.5,6.06,20.2,10.45,NO,6.5706,11.7337,Lake,4,YES,0.056688
36.7,5.54683,43.93,0.6411,8.3621,79.4,9.04,9.17,8.95,8.07,21.8,17.5,YES,8.8805,17.7099,Lake and River,3,YES,0.039831
22.6,9.04949,55.77,0.8479,8.1119,39.6,7.38,1.67,8.44,2.35,24.0,16.16,NO,5.3499,18.4443,Lake,5,YES,0.072958
34.6,3.96831,50.65,0.8324,5.8736,42.1,1.97,4.32,8.51,6.21,20.5,13.01,NO,8.4214,12.2946,River,4,YES,0.076273
23.6,2.65115,55.92,0.8268,8.0605,40.3,8.33,8.0,6.53,6.94,21.3,15.05,YES,6.8962,14.2615,Lake and River,2,YES,0.088904
27.8,9.45158,52.04,0.6812,4.7427,79.9,2.43,3.44,9.91,5.01,23.3,10.55,YES,9.5463,16.0129,Lake and River,4,YES,0.078435
37.4,8.8666,39.13,0.4408,4.583,21.6,4.62,2.09,5.05,2.13,19.5,17.96,YES,6.5818,12.1223,Lake and River,5,YES,0.080691
23.8,3.555,56.11,0.5669,4.6921,68.7,9.32,8.46,3.33,7.99,19.6,5.81,YES,5.5558,18.9467,River,3,YES,0.083576
10.4,0.35957,50.25,0.7127,7.2327,37.3,3.68,8.72,2.57,6.8,18.6,21.86,NO,8.1434,14.8541,None,6,YES,0.031632
41.7,1.96619,55.1,0.7816,4.7378,55.6,6.45,7.38,6.27,1.31,22.2,12.33,YES,5.2773,11.9,Lake and River,3,YES,0.03671
43.0,1.96698,37.27,0.8,7.1904,97.9,4.75,6.81,2.68,7.22,19.6,16.46,YES,5.7202,18.8406,Lake and River,5,YES,0.037361
28.2,8.51672,52.71,0.8192,6.5716,42.1,3.33,6.51,5.54,9.71,24.0,11.67,NO,8.6473,12.3487,Lake and River,2,YES,0.077301
14.7,7.74382,47.23,0.4552,4.3788,87.6,6.35,6.63,7.29,1.47,24.2,25.74,NO,5.3625,11.4589,Lake and River,3,YES,0.05241
35.0,5.04441,35.41,0.4736,5.6453,73.5,4.95,1.72,9.1,6.86,19.3,8.89,NO,9.9317,10.6063,None,2,YES,0.045651
31.5,0.74303,58.81,0.5409,7.0799,20.4,9.54,2.72,9.41,3.46,23.5,6.99,NO,7.4187,10.4806,Lake,2,YES,0.058908
31.4,0.75971,32.08,0.836,5.7051,55.0,9.25,1.37,3.73,3.15,22.6,20.46,YES,6.7155,13.7574,None,3,YES,0.06231
31.1,6.83739,38.01,0.6416,8.9729,69.9,1.7,9.99,2.65,2.63,24.4,23.45,NO,9.8494,14.3795,None,4,YES,0.084398
27.1,3.55598,45.26,0.8022,7.4798,82.9,4.56,7.32,7.23,9.82,20.0,12.17,YES,5.9062,12.0172,River,4,YES,0.084675
19.9,5.3194,46.43,0.5125,6.8578,30.0,1.09,5.19,7.45,2.4,19.1,24.42,NO,9.7336,14.3233,None,6,YES,0.062832
21.9,1.30724,30.95,0.773,7.1358,80.8,1.46,2.92,4.4,5.87,24.5,5.74,NO,7.5653,11.8358,Lake and River,3,YES,0.052889
14.1,9.07466,38.69,0.6561,4.8141,82.8,1.1,8.02,8.94,9.42,23.3,10.88,NO,9.2472,16.3675,None,6,YES,0.083837
33.0,6.00225,34.45,0.4823,6.7567,40.3,9.89,6.11,6.56,2.98,20.5,7.51,NO,6.4311,11.3498,Lake,4,YES,0.049055
45.9,6.66073,34.28,0.5961,7.9425,55.2,8.58,5.15,5.43,9.88,24.8,8.45,YES,6.9784,18.3993,River,2,YES,0.037864
30.4,3.57634,58.18,0.8561,4.8161,37.1,1.46,3.03,4.53,3.75,18.4,14.16,NO,9.4005,16.2559,Lake,6,YES,0.048687
23.2,0.53609,38.87,0.4937,5.8936,35.7,6.31,2.72,8.3,1.96,23.9,23.63,NO,9.4098,14.4179,River,6,YES,0.054299
30.5,7.74298,50.05,0.8265,4.1095,31.8,2.36,1.5,5.09,7.42,23.4,24.46,YES,5.3956,10.7452,Lake and River,4,YES,0.08228
12.8,7.09906,37.96,0.8892,5.1448,36.4,3.83,1.97,1.56,1.55,21.5,16.95,NO,6.297,18.0712,River,2,YES,0.074068
13.8,3.79159,48.5,0.7008,7.6814,46.4,9.72,4.12,3.08,9.46,21.5,27.43,NO,7.8705,10.3141,None,6,YES,0.062459
12.0,1.89317,54.99,0.7446,8.5724,39.3,5.72,3.19,2.96,4.14,22.3,13.62,YES,5.8725,17.2087,Lake and River,4,YES,0.051926
41.5,3.13286,55.94,0.7208,8.321,76.8,6.3,5.61,1.8,2.7,23.2,21.86,NO,8.2184,10.5891,None,3,YES,0.049286
19.4,8.25377,33.2,0.6657,8.603,40.7,4.07,7.03,6.81,7.19,20.0,2.18,YES,8.7815,12.8698,River,5,YES,0.076066
10.9,9.17361,32.29,0.467,8.7227,55.2,7.72,4.59,1.89,6.55,18.4,19.56,YES,8.64,15.9559,Lake and River,6,YES,0.081951
17.6,2.98198,34.94,0.6138,5.9048,52.0,6.26,1.46,3.82,6.51,21.9,14.73,NO,7.2902,14.307,Lake and River,3,YES,0.054726
47.4,3.20574,40.89,0.4146,7.0211,40.8,4.73,3.25,3.73,5.86,23.3,3.38,YES,7.1207,16.6572,Lake,6,YES,0.088321
40.8,2.82043,52.99,0.6923,5.1078,97.1,6.98,1.75,2.35,5.03,18.3,28.65,YES,7.1802,18.935,Lake,4,YES,0.07977
43.6,5.02887,35.15,0.6108,8.4838,36.2,4.64,3.75,3.17,6.56,24.9,4.87,YES,8.9713,10.8766,Lake and River,5,YES,0.082936
23.2,3.60502,55.48,0.4233,5.3521,64.1,5.37,8.11,2.23,3.61,21.2,20.06,NO,8.9685,14.3089,River,2,YES,0.048101
46.4,9.97354,30.39,0.4495,8.7568,64.4,4.8,2.81,7.48,1.76,24.7,8.43,NO,6.6979,11.3866,River,3,YES,0.036511
46.2,9.65595,30.27,0.8207,6.8877,59.7,8.74,7.38,6.53,6.98,24.2,9.7,NO,8.271,15.8929,Lake,4,YES,0.079955
25.0,0.80458,51.58,0.4123,4.0316,47.7,2.46,5.63,6.95,9.41,22.2,11.84,NO,9.7687,12.475,Lake and River,2,YES,0.078616
38.5,3.35089,54.59,0.6473,6.1244,43.8,1.23,4.67,1.39,6.15,21.3,3.43,NO,5.8345,11.3276,None,6,YES,0.078266
